<beans xmlns="http://www.springframework.org/schema/beans"
    xmlns:mvc="http://www.springframework.org/schema/mvc"
	xmlns:context="http://www.springframework.org/schema/context"
	xmlns:xsi="http://www.w3.org/2001/XMLSchema-instance"
	xmlns:tx="http://www.springframework.org/schema/tx"
	xsi:schemaLocation="
        http://www.springframework.org/schema/beans     
        http://www.springframework.org/schema/beans/spring-beans.xsd
        http://www.springframework.org/schema/mvc 
        http://www.springframework.org/schema/mvc/spring-mvc.xsd
        http://www.springframework.org/schema/context 
        http://www.springframework.org/schema/context/spring-context.xsd">

   <context:component-scan base-package="com.tutorialspoint" />

   <bean id="userValidator" class="com.tutorialspoint.validator.UserFormValidator" />
   
   <!-- start new -->
  
<bean id="dataSource"  
            class="org.springframework.jdbc.datasource.DriverManagerDataSource">  
            <property name="driverClassName" value="com.mysql.jdbc.Driver" />  
            <property name="url" value="jdbc:mysql://localhost:3306/usersdb" />  
            <property name="username" value="root" />  
            <property name="password" value="mynewpassw0rd" />  
        </bean>  
        <!-- 
        <bean id="sessionFactory"  
            class="org.springframework.orm.hibernate3.annotation.AnnotationSessionFactoryBean">  
            <property name="dataSource" ref="dataSource" />  
            <property name="annotatedClasses">  
                <list>  
                    <value>com.tutorialspoint.model.User</value>  
                </list>  
            </property>  
            <property name="hibernateProperties">  
                <props>  
                    <prop key="hibernate.dialect">org.hibernate.dialect.MySQLDialect</prop>  
                    <prop key="hibernate.show_sql">true</prop>  
                </props>  
            </property>  
        </bean>  
          -->
   <!-- end new -->
   
   
   
   
   <bean id="messageSource"
        class="org.springframework.context.support.ReloadableResourceBundleMessageSource">
        <property name="basename" value="classpath:message" />
        <property name="defaultEncoding" value="UTF-8" />
    </bean>   
    
   <!-- 
    <mvc:resources mapping="/resources/**" location="/resources/"/>
-->

   <bean class="org.springframework.web.servlet.view.InternalResourceViewResolver">
      <property name="prefix" value="/WEB-INF/jsp/" />
      <property name="suffix" value=".jsp" />
   </bean>
 
</beans>